Hour,Scheduled Time,Displayed Time,Artist,Title,Duration (s),Full Duration (s),Duration (mins),Full Duration (mins)
2025-09-05T09:00:00Z,10:05,10:05,Coldplay,A Sky Full of Stars,230,237,3.83,3.95
2025-09-05T09:00:00Z,10:10,10:10,Joel Corry & Tom Grennan,Lionheart (Fearless),184,187,3.07,3.12
2025-09-05T09:00:00Z,10:13,10:13,Florence + The Machine,Everybody Scream,192,245,3.2,4.08
2025-09-05T09:00:00Z,10:16,10:16,Robbie Williams,Angels,235,240,3.92,4.0
2025-09-05T09:00:00Z,10:26,10:26,Olly Murs,Save Me,171,175,2.85,2.92
2025-09-05T09:00:00Z,10:29,10:29,One Direction,Steal My Girl,224,227,3.73,3.78
2025-09-05T09:00:00Z,10:33,10:33,Sabrina Carpenter,Bed Chem,165,172,2.75,2.87
2025-09-05T09:00:00Z,10:35,10:35,Queen,The Show Must Go On,242,273,4.03,4.55
2025-09-05T09:00:00Z,10:41,10:41,Kate Bush,Running Up That Hill,205,215,3.42,3.58
2025-09-05T09:00:00Z,10:44,10:44,Tate McRae,Greedy,129,132,2.15,2.2
2025-09-05T09:00:00Z,10:50,10:50,Wunderhorse,The Rope,176,179,2.93,2.98
2025-09-05T10:00:00Z,11:03,11:03,Ne-Yo,Miss Independent,228,231,3.8,3.85
2025-09-05T10:00:00Z,11:07,11:07,2 Unlimited,Get Ready For This,165,173,2.75,2.88
2025-09-05T10:00:00Z,11:09,11:09,James Morrison ft Nelly Furtado,Broken Strings,240,256,4.0,4.27
2025-09-05T10:00:00Z,11:14,11:14,Eurythmics,Thorn in My Side,237,255,3.95,4.25
2025-09-05T10:00:00Z,11:18,11:18,Oasis,Roll With It,229,240,3.82,4.0
2025-09-05T10:00:00Z,11:26,11:26,Robert Palmer,Simply Irresistible,238,246,3.97,4.1
2025-09-05T10:00:00Z,11:30,11:30,Maroon 5,This Love,189,198,3.15,3.3
2025-09-05T10:00:00Z,11:33,11:33,Christina Aguilera,What A Girl Wants,179,193,2.98,3.22
2025-09-05T10:00:00Z,11:36,11:36,The Doobie Brothers,Long Train Runnin',194,207,3.23,3.45
2025-09-05T10:00:00Z,11:43,11:43,Anastacia,Left Outside Alone,210,225,3.5,3.75
2025-09-05T10:00:00Z,11:47,11:47,Will Smith,Gettin' Jiggy Wit It,217,228,3.62,3.8
2025-09-05T10:00:00Z,11:50,11:50,Lisa Stansfield,All Around the World,250,267,4.17,4.45
2025-09-05T10:00:00Z,11:55,11:55,No Doubt,It's My Life,218,225,3.63,3.75
2025-09-05T11:00:00Z,12:01,12:01,Chappell Roan,The Subway,243,252,4.05,4.2
2025-09-05T11:00:00Z,12:06,12:06,J Geils Band,Centerfold,213,217,3.55,3.62
2025-09-05T11:00:00Z,12:09,12:09,Lola Young,D£aler,155,160,2.58,2.67
2025-09-05T11:00:00Z,12:12,12:12,Perrie,Forget About Us,182,186,3.03,3.1
2025-09-05T11:00:00Z,12:19,12:19,Taylor Swift,Anti-Hero,195,201,3.25,3.35
2025-09-05T11:00:00Z,12:23,12:23,Myles Smith,Nice To Meet You,170,176,2.83,2.93
2025-09-05T11:00:00Z,12:26,12:26,Caity Baser,Running From Myself,152,157,2.53,2.62
2025-09-05T11:00:00Z,12:28,12:28,Lady Gaga,Alejandro,231,250,3.85,4.17
2025-09-05T11:00:00Z,12:36,12:36,Luke Holloway,I Have One Daughter (Viral TikTok Song 2025),137,144,2.28,2.4
2025-09-05T11:00:00Z,12:39,12:39,Faith Hill,This Kiss,177,194,2.95,3.23
2025-09-05T11:00:00Z,12:42,12:42,Ella Eyre,Space,158,162,2.63,2.7
2025-09-05T11:00:00Z,12:45,12:45,Jess Glynne,Hold My Hand,220,227,3.67,3.78
2025-09-05T11:00:00Z,12:49,12:49,Heather Small,Proud,220,235,3.67,3.92
2025-09-05T11:00:00Z,12:52,12:52,Kylie Minogue,Love at First Sight,231,238,3.85,3.97
2025-09-05T12:00:00Z,13:03,13:03,Biffy Clyro,Many Of Horror (When We Collide),238,252,3.97,4.2
2025-09-05T12:00:00Z,13:08,13:08,Alex Warren,Ordinary,176,187,2.93,3.12
2025-09-05T12:00:00Z,13:11,13:11,Blue,Too Close,218,227,3.63,3.78
2025-09-05T12:00:00Z,13:14,13:14,"David Guetta, Anne-Marie, Coi Leray",Baby Don't Hurt Me,134,140,2.23,2.33
2025-09-05T12:00:00Z,13:20,13:20,Benson Boone,Slow It Down,151,162,2.52,2.7
2025-09-05T12:00:00Z,13:23,13:23,Doctor & The Medics,Spirit in the Sky,193,206,3.22,3.43
2025-09-05T12:00:00Z,13:26,13:26,Ed Sheeran,Azizam,154,162,2.57,2.7
2025-09-05T12:00:00Z,13:29,13:29,Elton John & Britney Spears,Hold Me Closer,193,199,3.22,3.32
2025-09-05T12:00:00Z,13:32,13:32,"Sonny Fodera, Jazzy",All This Time,212,224,3.53,3.73
2025-09-05T12:00:00Z,13:38,13:38,Primal Scream,Movin' on Up,192,215,3.2,3.58
2025-09-05T12:00:00Z,13:42,13:42,Sabrina Carpenter,Manchild,196,214,3.27,3.57
2025-09-05T12:00:00Z,13:45,13:45,The Weeknd,Dancing In The Flames,208,220,3.47,3.67
2025-09-05T12:00:00Z,13:49,13:49,Sam Fender,People Watching,232,311,3.87,5.18
2025-09-05T12:00:00Z,13:52,13:52,Jason Derulo,Take You Dancing,188,190,3.13,3.17
2025-09-05T13:00:00Z,14:01,14:01,John Newman,Love Me Again,206,215,3.43,3.58
2025-09-05T13:00:00Z,14:05,14:05,Ella Henderson,Me and You,162,168,2.7,2.8
2025-09-05T13:00:00Z,14:07,14:07,The Foundations,Build Me up Buttercup,165,173,2.75,2.88
2025-09-05T13:00:00Z,14:10,14:10,Take That,You And Me,207,214,3.45,3.57
2025-09-05T13:00:00Z,14:17,14:17,Harry Styles,Adore You,205,207,3.42,3.45
2025-09-05T13:00:00Z,14:21,14:21,Eternal,Just a Step From Heaven,216,228,3.6,3.8
2025-09-05T13:00:00Z,14:24,14:24,sombr,Undressed,176,182,2.93,3.03
2025-09-05T13:00:00Z,14:27,14:27,Jonas Brothers,What a Man Gotta Do,172,181,2.87,3.02
2025-09-05T13:00:00Z,14:30,14:30,Good Neighbours,Starry Eyed,134,137,2.23,2.28
2025-09-05T13:00:00Z,14:35,14:35,Girls Aloud,Whole Lotta History,214,226,3.57,3.77
2025-09-05T13:00:00Z,14:39,14:39,Chappell Roan,Pink Pony Club,247,258,4.12,4.3
2025-09-05T13:00:00Z,14:43,14:43,Joel Corry & Becky Hill,HISTORY,171,177,2.85,2.95
2025-09-05T13:00:00Z,14:46,14:46,Perrie,If He Wanted To He Would,193,198,3.22,3.3
2025-09-05T13:00:00Z,14:49,14:49,Ravyn Lanae,Love Me Not,162,166,2.7,2.77
2025-09-05T13:00:00Z,14:52,14:52,Heavy D & The Boyz,Now That We Found Love,255,256,4.25,4.27
2025-09-05T14:00:00Z,15:01,15:01,Caledonia Media,The Week in Holyrood with Charles Fletcher,3399,3420,56.65,57.0
2025-09-05T15:00:00Z,16:02,16:02,Taylor Swift ft Post Malone,Fortnight,217,229,3.62,3.82
2025-09-05T15:00:00Z,16:06,16:06,Lewis Capaldi,Survive,214,225,3.57,3.75
2025-09-05T15:00:00Z,16:09,16:09,Keith Urban,Wild Hearts,171,183,2.85,3.05
2025-09-05T15:00:00Z,16:12,16:12,Gracie Abrams,That's So True,156,166,2.6,2.77
2025-09-05T15:00:00Z,16:15,16:15,Red Hot Chili Peppers,By the Way,205,216,3.42,3.6
2025-09-05T15:00:00Z,16:21,16:21,Ed Sheeran,Bad Habits,217,231,3.62,3.85
2025-09-05T15:00:00Z,16:25,16:25,Five,Keep on Movin',188,199,3.13,3.32
2025-09-05T15:00:00Z,16:31,16:31,Marshmello & Bastille,Happier,204,214,3.4,3.57
2025-09-05T15:00:00Z,16:34,16:34,Ultravox,Vienna,262,278,4.37,4.63
2025-09-05T15:00:00Z,16:42,16:42,Benson Boone,Sorry I'm Here For Someone Else,148,157,2.47,2.62
2025-09-05T15:00:00Z,16:45,16:45,Calum Scott,Dancing on My Own (Tiesto Remix),213,224,3.55,3.73
2025-09-05T15:00:00Z,16:49,16:49,Sam Fender & Olivia Dean,Rein Me In,229,243,3.82,4.05
2025-09-05T15:00:00Z,16:53,16:53,Duran Duran,Ordinary World,271,278,4.52,4.63
2025-09-05T16:00:00Z,17:03,17:03,Blazin' Squad,Flip Reverse,168,177,2.8,2.95
2025-09-05T16:00:00Z,17:06,17:06,Mel & Kim,That's the Way It Is,185,203,3.08,3.38
2025-09-05T16:00:00Z,17:09,17:09,S Club Juniors,One Step Closer,175,188,2.92,3.13
2025-09-05T16:00:00Z,17:12,17:12,Shabba Ranks with Chevelle Franklin,Mr Loverman,203,218,3.38,3.63
2025-09-05T16:00:00Z,17:15,17:15,John Travolta & Olivia Newton-John,The Grease Megamix,278,287,4.63,4.78
2025-09-05T16:00:00Z,17:23,17:23,Red Box,For America,215,224,3.58,3.73
2025-09-05T16:00:00Z,17:27,17:27,Faithless,Salva Mea,261,277,4.35,4.62
2025-09-05T16:00:00Z,17:34,17:34,Johnny Cash,Ring Of Fire,149,156,2.48,2.6
2025-09-05T16:00:00Z,17:37,17:37,Bomb the Bass,Beat Dis,194,204,3.23,3.4
2025-09-05T16:00:00Z,17:45,17:45,Alcazar,This is the World We Live In,208,213,3.47,3.55
2025-09-05T16:00:00Z,17:49,17:49,Evelyn Thomas,High Energy,218,231,3.63,3.85
2025-09-05T16:00:00Z,17:52,17:52,Lene Marlin,Sitting Down Here,226,233,3.77,3.88
2025-09-05T17:00:00Z,18:01,18:01,K-Pop Demon Hunters,Golden,189,195,3.15,3.25
2025-09-05T17:00:00Z,18:04,18:04,Dasha,Not At This Party,203,212,3.38,3.53
2025-09-05T17:00:00Z,18:08,18:08,Franz Ferdinand,Build It Up,176,183,2.93,3.05
2025-09-05T17:00:00Z,18:11,18:11,"Casso, Raye, D-Block Europe",Prada,125,132,2.08,2.2
2025-09-05T17:00:00Z,18:13,18:13,Wet Leg,Catch These Fists,179,189,2.98,3.15
2025-09-05T17:00:00Z,18:20,18:20,Calvin Harris & Clementine Douglas,Blessings,208,220,3.47,3.67
2025-09-05T17:00:00Z,18:23,18:23,Justin Timberlake,Selfish,220,229,3.67,3.82
2025-09-05T17:00:00Z,18:27,18:27,Laufey,Lover Girl,156,164,2.6,2.73
2025-09-05T17:00:00Z,18:30,18:30,Myles Smith,Gold,155,164,2.58,2.73
2025-09-05T17:00:00Z,18:32,18:32,Cerrone/Christine & The Queens,Catching Feelings,192,203,3.2,3.38
2025-09-05T17:00:00Z,18:36,18:36,Billie Eilish,Birds of a Feather,200,215,3.33,3.58
2025-09-05T17:00:00Z,18:43,18:43,Lola Young,One Thing,200,208,3.33,3.47
2025-09-05T17:00:00Z,18:46,18:46,Alex Warren,Eternity,182,190,3.03,3.17
2025-09-05T17:00:00Z,18:49,18:49,Sekou,Catching Bodies,174,186,2.9,3.1
2025-09-05T17:00:00Z,18:52,18:52,Tate McRae,Just Keep Watching,138,143,2.3,2.38
2025-09-05T17:00:00Z,18:54,18:54,Taylor Swift,Blank Space (Taylor's Version),224,232,3.73,3.87
2025-09-05T18:00:00Z,19:01,19:01,Lee Everest,Ready for the Weekend,1129,1133,18.82,18.88
2025-09-05T18:00:00Z,19:21,19:21,Lee Everest,Ready for the Weekend,1230,1234,20.5,20.57
2025-09-05T18:00:00Z,19:59,19:59,Solardo &amp; Idris Elba,Big Talk</body></html>,180,180,3.0,3.0
2025-09-05T19:00:00Z,20:02,20:02,Beatfreakz,Somebody's Watching Me,161,168,2.68,2.8
2025-09-05T19:00:00Z,20:05,20:05,Doolally,Straight from the Heart,206,216,3.43,3.6
2025-09-05T19:00:00Z,20:09,20:09,Donna Summer,On the Radio,238,243,3.97,4.05
2025-09-05T19:00:00Z,20:13,20:13,Jazzy x KILIMANJARO,No Bad VIbes,159,162,2.65,2.7
2025-09-05T19:00:00Z,20:15,20:15,Reel 2 Real ft The Mad Stuntman,I Like to Move It,225,231,3.75,3.85
2025-09-05T19:00:00Z,20:19,20:19,Sinitta,So Macho,168,174,2.8,2.9
2025-09-05T19:00:00Z,20:26,20:26,Alcatraz,Giv Me Luv,238,242,3.97,4.03
2025-09-05T19:00:00Z,20:30,20:30,"Sub Focus, Katy B",Push The Tempo,156,162,2.6,2.7
2025-09-05T19:00:00Z,20:33,20:33,London Boys,London Nights,232,241,3.87,4.02
2025-09-05T19:00:00Z,20:37,20:37,Armand Van Helden,My My My,178,184,2.97,3.07
2025-09-05T19:00:00Z,20:40,20:40,Dannii Minogue,Put the Needle on It,202,208,3.37,3.47
2025-09-05T19:00:00Z,20:43,20:43,Bamboo,Bamboogie,201,208,3.35,3.47
2025-09-05T19:00:00Z,20:47,20:47,Aitch x Bou,Raving In The Studio,181,184,3.02,3.07
2025-09-05T19:00:00Z,20:50,20:50,Deep Dish,Flashdance,186,196,3.1,3.27
2025-09-05T19:00:00Z,20:53,20:53,Undercover,Never Let Her Slip Away,198,208,3.3,3.47
2025-09-05T20:00:00Z,21:01,21:01,Geri Halliwell,Look at Me,215,222,3.58,3.7
2025-09-05T20:00:00Z,21:05,21:05,Mary Kiani,Let The Music Play,230,237,3.83,3.95
2025-09-05T20:00:00Z,21:09,21:09,Culture Club,It's a Miracle,187,204,3.12,3.4
2025-09-05T20:00:00Z,21:12,21:12,Interplanetary Criminal & Original Koffee,Slow Burner,206,213,3.43,3.55
2025-09-05T20:00:00Z,21:16,21:16,Smart-Es,Sesame's Treet,199,211,3.32,3.52
2025-09-05T20:00:00Z,21:19,21:19,Double Trouble & The Rebel MC,Street Tuff,199,209,3.32,3.48
2025-09-05T20:00:00Z,21:26,21:26,Anticappella ft MC Fixx It,Move Your Body,201,209,3.35,3.48
2025-09-05T20:00:00Z,21:29,21:29,PAWSA,Too Cool To Be Careless,215,220,3.58,3.67
2025-09-05T20:00:00Z,21:33,21:33,The Whispers,And the Beat Goes On,197,204,3.28,3.4
2025-09-05T20:00:00Z,21:36,21:36,Rozalla,Everybody's Free (To Feel Good),198,211,3.3,3.52
2025-09-05T20:00:00Z,21:40,21:40,Paul van Dyk,We Are Alive,222,230,3.7,3.83
2025-09-05T20:00:00Z,21:43,21:43,Orbital,Chime,188,194,3.13,3.23
2025-09-05T20:00:00Z,21:47,21:47,The Meyers Bros ft Livvy Lauren,Give A Little Love,161,166,2.68,2.77
2025-09-05T20:00:00Z,21:49,21:49,Basement Jaxx,Where's Your Head At,233,239,3.88,3.98
2025-09-05T20:00:00Z,21:53,21:53,Kris Kross,Jump,183,197,3.05,3.28
2025-09-05T21:00:00Z,22:01,22:01,Ferry Corsten,Punk (Original Mix),256,259,4.27,4.32
2025-09-05T21:00:00Z,22:06,22:06,Zombie Nation,Kernkraft 400,204,209,3.4,3.48
2025-09-05T21:00:00Z,22:09,22:09,Gibson Brothers,Cuba,215,224,3.58,3.73
2025-09-05T21:00:00Z,22:13,22:13,Confidence Man/JADE,Gossip,194,200,3.23,3.33
2025-09-05T21:00:00Z,22:16,22:16,Tony Di Bart,The Real Thing,222,228,3.7,3.8
2025-09-05T21:00:00Z,22:20,22:20,The Belle Stars,Sign of the Times,160,173,2.67,2.88
2025-09-05T21:00:00Z,22:26,22:26,Gouryella,Walhalla,221,229,3.68,3.82
2025-09-05T21:00:00Z,22:30,22:30,"David Guetta, Cedric Gervais",If (A Better World),167,173,2.78,2.88
2025-09-05T21:00:00Z,22:33,22:33,Thelma Houston,Don't Leave Me This Way,211,219,3.52,3.65
2025-09-05T21:00:00Z,22:36,22:36,Clivilles & Cole,Pride (In the Name of Love),212,238,3.53,3.97
2025-09-05T21:00:00Z,22:40,22:40,ATB,Ecstacy,175,179,2.92,2.98
2025-09-05T21:00:00Z,22:43,22:43,Jamiroquai,Space Cowboy,231,242,3.85,4.03
2025-09-05T21:00:00Z,22:47,22:47,Morgan Seatree x Florence + The Machine,Say My Name (Remix),165,168,2.75,2.8
2025-09-05T21:00:00Z,22:50,22:50,Steve Angello & Laidback Luke Feat. Robin S,Show Me Love,180,189,3.0,3.15
2025-09-05T21:00:00Z,22:53,22:53,Candy Girls,Fee Fi Fo Fum,197,199,3.28,3.32
2025-09-05T22:00:00Z,23:59,23:59,Ayrshire Radio,On Air,180,180,3.0,3.0
2025-09-05T23:00:00Z,00:00,00:00,Davy Sims,Around the World - Part 1,3580,3590,59.67,59.83
2025-09-05T23:00:00Z,00:59,00:59,Davy Sims,Around the World,180,180,3.0,3.0
2025-09-06T00:00:00Z,01:00,01:00,Davy Sims,Around the World - Part 2,3576,3590,59.6,59.83
2025-09-06T00:00:00Z,01:59,01:59,Davy Sims,Around the World,180,180,3.0,3.0
2025-09-06T01:00:00Z,02:02,02:02,Olly Murs,Save Me,171,175,2.85,2.92
2025-09-06T01:00:00Z,02:05,02:05,Ronan Keating,When You Say Nothing at All,237,258,3.95,4.3
2025-09-06T01:00:00Z,02:09,02:09,Chrystal,The Days,140,169,2.33,2.82
2025-09-06T01:00:00Z,02:11,02:11,Sabrina Carpenter,Feather,175,186,2.92,3.1
2025-09-06T01:00:00Z,02:14,02:14,Pink,Get the Party Started,185,190,3.08,3.17
2025-09-06T01:00:00Z,02:22,02:22,Justin Bieber,Daisies,171,176,2.85,2.93
2025-09-06T01:00:00Z,02:24,02:24,Teddy Swims,Lose Control,201,211,3.35,3.52
2025-09-06T01:00:00Z,02:28,02:28,Michael Jackson,Wanna Be Startin' Somethin',245,257,4.08,4.28
2025-09-06T01:00:00Z,02:32,02:32,Ed Sheeran,Sapphire,171,179,2.85,2.98
2025-09-06T01:00:00Z,02:39,02:39,Fun. Feat. Janelle Monae,We Are Young,224,233,3.73,3.88
2025-09-06T01:00:00Z,02:43,02:43,Addison Rae,Fame Is A Gun,177,183,2.95,3.05
2025-09-06T01:00:00Z,02:46,02:46,Steps,Last Thing On My Mind,177,183,2.95,3.05
2025-09-06T01:00:00Z,02:49,02:49,Olivia Rodrigo,Vampire,213,220,3.55,3.67
2025-09-06T01:00:00Z,02:52,02:52,Mary J Blige & U2,One,233,244,3.88,4.07
2025-09-06T02:00:00Z,03:01,03:01,Katy Perry,Last Friday Night (T.G.I.F),229,228,3.82,3.8
2025-09-06T02:00:00Z,03:06,03:06,Alex Warren,Ordinary,180,187,3.0,3.12
2025-09-06T02:00:00Z,03:09,03:09,Taylor Swift,Look What You Made Me Do,209,212,3.48,3.53
2025-09-06T02:00:00Z,03:13,03:13,CMAT,Take A Sexy Picture Of Me,226,230,3.77,3.83
2025-09-06T02:00:00Z,03:17,03:17,Beyonce,Single Ladies (Put a Ring on It),188,192,3.13,3.2
2025-09-06T02:00:00Z,03:24,03:24,Madness,It Must Be Love,191,197,3.18,3.28
2025-09-06T02:00:00Z,03:27,03:27,Miley Cyrus,Flowers,191,200,3.18,3.33
2025-09-06T02:00:00Z,03:30,03:30,R.E.M.,Man on the Moon,272,281,4.53,4.68
2025-09-06T02:00:00Z,03:35,03:35,Lewis Capaldi,Survive,219,225,3.65,3.75
2025-09-06T02:00:00Z,03:38,03:38,Rihanna,Unfaithful,217,223,3.62,3.72
2025-09-06T02:00:00Z,03:46,03:46,Supermen Lovers & OneRepublic,Starlight (The Fame),179,182,2.98,3.03
2025-09-06T02:00:00Z,03:49,03:49,Labrinth Ft Emeli Sande,Beneath Your Beautiful,233,236,3.88,3.93
2025-09-06T02:00:00Z,03:53,03:53,Tom Grennan,Don't Break The Heart,206,209,3.43,3.48
2025-09-06T03:00:00Z,04:02,04:02,Calvin Harris & Clementine Douglas,Blessings,214,220,3.57,3.67
2025-09-06T03:00:00Z,04:06,04:06,Eiffel 65,Blue (Da Ba Dee),200,210,3.33,3.5
2025-09-06T03:00:00Z,04:09,04:09,George Ezra,Pretty Shining People,207,212,3.45,3.53
2025-09-06T03:00:00Z,04:13,04:13,Becky Hill,Outside Of Love,170,176,2.83,2.93
2025-09-06T03:00:00Z,04:16,04:16,Spiller ft Sophie Ellis-Bextor,Groovejet (If This Ain't Love),218,227,3.63,3.78
2025-09-06T03:00:00Z,04:24,04:24,Olivia Dean,Nice To Each Other,204,209,3.4,3.48
2025-09-06T03:00:00Z,04:28,04:28,Dasha,Austin (Boots Stop Workin'),164,172,2.73,2.87
2025-09-06T03:00:00Z,04:31,04:31,Van Halen,Jump,224,233,3.73,3.88
2025-09-06T03:00:00Z,04:34,04:34,Chappell Roan,The Subway,242,252,4.03,4.2
2025-09-06T03:00:00Z,04:42,04:42,The Chainsmokers & Coldplay,Something Just Like This,232,248,3.87,4.13
2025-09-06T03:00:00Z,04:46,04:46,MK ft Chrystal,Dior,163,169,2.72,2.82
2025-09-06T03:00:00Z,04:49,04:49,Charles & Eddie,Would I Lie to You?,207,222,3.45,3.7
2025-09-06T03:00:00Z,04:52,04:52,Doechii,Anxiety,239,249,3.98,4.15
2025-09-06T04:00:00Z,05:02,05:02,Adele,Hello,160,162,2.67,2.7
2025-09-06T04:00:00Z,05:05,05:05,Sabrina Carpenter,Manchild,195,214,3.25,3.57
2025-09-06T04:00:00Z,05:08,05:08,Zara Larsson ft David Guetta,On My Love,182,192,3.03,3.2
2025-09-06T04:00:00Z,05:12,05:12,Florence + The Machine,Everybody Scream,186,245,3.1,4.08
2025-09-06T04:00:00Z,05:15,05:15,Mis-Teeq,Scandalous,228,242,3.8,4.03
2025-09-06T04:00:00Z,05:22,05:22,Bruce Springsteen,Hungry Heart,176,187,2.93,3.12
2025-09-06T04:00:00Z,05:25,05:25,David Kushner,Daylight,184,201,3.07,3.35
2025-09-06T04:00:00Z,05:28,05:28,MC Hammer,U Can't Touch This,241,254,4.02,4.23
2025-09-06T04:00:00Z,05:32,05:32,Ella Henderson,Me and You,159,168,2.65,2.8
2025-09-06T04:00:00Z,05:35,05:35,A1,Caught In The Middle,197,205,3.28,3.42
2025-09-06T04:00:00Z,05:42,05:42,Ella Eyre,Space,155,162,2.58,2.7
2025-09-06T04:00:00Z,05:45,05:45,Maroon 5 ft Christina Aguilera,Moves Like Jagger,193,201,3.22,3.35
2025-09-06T04:00:00Z,05:48,05:48,"Jax Jones, Calum Scott",Whistle,173,182,2.88,3.03
2025-09-06T04:00:00Z,05:51,05:51,Tina Turner,Golden Eye,199,208,3.32,3.47
2025-09-06T04:00:00Z,05:55,05:55,Dua Lipa,Break My Heart,213,222,3.55,3.7
2025-09-06T05:00:00Z,06:02,06:02,Olly Murs,Save Me,171,175,2.85,2.92
2025-09-06T05:00:00Z,06:05,06:05,Dermot Kennedy,Giants,165,177,2.75,2.95
2025-09-06T05:00:00Z,06:08,06:08,Luke Combs,Fast Car,251,265,4.18,4.42
2025-09-06T05:00:00Z,06:12,06:12,Nirvana,Smells Like Teen Spirit,263,271,4.38,4.52
2025-09-06T05:00:00Z,06:16,06:16,Benson Boone,Mystical Magical,157,166,2.62,2.77
2025-09-06T05:00:00Z,06:23,06:23,Walk the Moon,Shut Up + Dance,190,198,3.17,3.3
2025-09-06T05:00:00Z,06:26,06:26,Tom Grennan,All These Nights,146,154,2.43,2.57
2025-09-06T05:00:00Z,06:29,06:29,Alex Warren,Eternity,182,190,3.03,3.17
2025-09-06T05:00:00Z,06:32,06:32,Green Day,Basket Case,166,178,2.77,2.97
2025-09-06T05:00:00Z,06:35,06:35,Train,Drops of Jupiter (Tell Me),246,259,4.1,4.32
2025-09-06T05:00:00Z,06:43,06:43,Lola Young,D£aler,152,160,2.53,2.67
2025-09-06T05:00:00Z,06:46,06:46,Black Box,Ride on Time,254,274,4.23,4.57
2025-09-06T05:00:00Z,06:50,06:50,Becky Hill/Chase & Status,Disconnect,155,165,2.58,2.75
2025-09-06T05:00:00Z,06:53,06:53,Cyndi Lauper,Hey Now (Girls Just Wanna Have Fun),208,221,3.47,3.68
2025-09-06T06:00:00Z,07:01,07:01,JADE,FUFN (Forget You For Now),213,215,3.55,3.58
2025-09-06T06:00:00Z,07:05,07:05,Chappell Roan,Pink Pony Club,242,258,4.03,4.3
2025-09-06T06:00:00Z,07:09,07:09,Shakira,Objection (Tango),201,212,3.35,3.53
2025-09-06T06:00:00Z,07:13,07:13,Sam Fender & Olivia Dean,Rein Me In,229,243,3.82,4.05
2025-09-06T06:00:00Z,07:17,07:17,Depeche Mode,Enjoy the Silence,238,256,3.97,4.27
2025-09-06T06:00:00Z,07:25,07:25,Doja Cat,Paint The Town Red,224,232,3.73,3.87
2025-09-06T06:00:00Z,07:29,07:29,"Coldplay, Little Simz, Burna Boy, Elyanna, TINI",We Pray,223,233,3.72,3.88
2025-09-06T06:00:00Z,07:33,07:33,Myles Smith,Nice To Meet You,167,176,2.78,2.93
2025-09-06T06:00:00Z,07:36,07:36,Philip Oakey & Giorgio Moroder,Together in Electric Dreams,213,233,3.55,3.88
2025-09-06T06:00:00Z,07:43,07:43,Hozier,Too Sweet,239,251,3.98,4.18
2025-09-06T06:00:00Z,07:47,07:47,Lucie Silvas,What You're Made Of,239,247,3.98,4.12
2025-09-06T06:00:00Z,07:51,07:51,Sabrina Carpenter,Busy Woman,176,187,2.93,3.12
2025-09-06T06:00:00Z,07:54,07:54,Belinda Carlisle,Leave a Light On,235,255,3.92,4.25
2025-09-06T07:00:00Z,08:02,08:02,K-Pop Demon Hunters,Golden,189,195,3.15,3.25
2025-09-06T07:00:00Z,08:05,08:05,Miguel,Sure Thing,185,195,3.08,3.25
2025-09-06T07:00:00Z,08:08,08:08,Eminem,Houdini,214,244,3.57,4.07
2025-09-06T07:00:00Z,08:12,08:12,Mariah Carey,Always Be My Baby,237,254,3.95,4.23
2025-09-06T07:00:00Z,08:16,08:16,Gracie Abrams,That's So True,156,166,2.6,2.77
2025-09-06T07:00:00Z,08:22,08:22,Liam Payne & Rita Ora,For You,232,244,3.87,4.07
2025-09-06T07:00:00Z,08:26,08:26,David Guetta & Bebe Rexha,I'm Good (Blue),168,174,2.8,2.9
2025-09-06T07:00:00Z,08:29,08:29,Lewis Capaldi,Survive,214,225,3.57,3.75
2025-09-06T07:00:00Z,08:33,08:33,Stardust,Music Sounds Better With You,244,262,4.07,4.37
2025-09-06T07:00:00Z,08:37,08:37,Take That,Rule the World,223,240,3.72,4.0
2025-09-06T07:00:00Z,08:45,08:45,Ed Sheeran,Azizam,153,162,2.55,2.7
2025-09-06T07:00:00Z,08:47,08:47,Men at Work,Down Under,201,219,3.35,3.65
2025-09-06T07:00:00Z,08:51,08:51,Anne-Marie ft Shania Twain,Unhealthy,141,150,2.35,2.5
2025-09-06T07:00:00Z,08:53,08:53,The Cranberries,Zombie,242,253,4.03,4.22
2025-09-06T08:00:00Z,09:01,09:01,Alex Warren,Ordinary,181,187,3.02,3.12
2025-09-06T08:00:00Z,09:05,09:05,Drake,One Dance,162,174,2.7,2.9
2025-09-06T08:00:00Z,09:08,09:08,Savage Garden,To the Moon and Back,237,257,3.95,4.28
2025-09-06T08:00:00Z,09:12,09:12,Tom Grennan,How Does It Feel,133,144,2.22,2.4
2025-09-06T08:00:00Z,09:18,09:18,The White Stripes,Seven Nation Army,222,231,3.7,3.85
2025-09-06T08:00:00Z,09:22,09:22,Dasha,Not At This Party,203,212,3.38,3.53
2025-09-06T08:00:00Z,09:25,09:25,Cat Burns,People Pleaser,140,147,2.33,2.45
2025-09-06T08:00:00Z,09:28,09:28,Natalie Imbruglia,Wishing I Was There,229,246,3.82,4.1
2025-09-06T08:00:00Z,09:33,09:33,Cast,Alright,208,216,3.47,3.6
2025-09-06T08:00:00Z,09:37,09:37,Laufey,Lover Girl,161,164,2.68,2.73
2025-09-06T08:00:00Z,09:40,09:40,Aloe Blacc,I Need a Dollar,241,246,4.02,4.1
2025-09-06T08:00:00Z,09:48,09:48,Ella Henderson,Me and You,164,168,2.73,2.8
2025-09-06T08:00:00Z,09:51,09:51,Guns 'N' Roses,Sweet Child O' Mine,236,237,3.93,3.95
2025-09-06T08:00:00Z,09:55,09:55,Wet Leg,Catch These Fists,185,189,3.08,3.15
2025-09-06T09:00:00Z,10:01,10:01,Benson Boone,Sorry I'm Here For Someone Else,152,157,2.53,2.62
2025-09-06T09:00:00Z,10:05,10:05,Charlie Puth,Light Switch,183,186,3.05,3.1
2025-09-06T09:00:00Z,10:08,10:08,MC Sar & The Real McCoy,Another Night,229,236,3.82,3.93
2025-09-06T09:00:00Z,10:12,10:12,Coldplay,Feels Like I'm Falling in Love,218,224,3.63,3.73
2025-09-06T09:00:00Z,10:19,10:19,Outkast,Hey Ya!,218,236,3.63,3.93
2025-09-06T09:00:00Z,10:23,10:23,Perrie,If He Wanted To He Would,192,198,3.2,3.3
2025-09-06T09:00:00Z,10:26,10:26,Lady Gaga,Disease,223,230,3.72,3.83
2025-09-06T09:00:00Z,10:32,10:32,Lighthouse Family,High,273,275,4.55,4.58
2025-09-06T09:00:00Z,10:36,10:36,"Sonny Fodera, Jazzy",All This Time,218,224,3.63,3.73
2025-09-06T09:00:00Z,10:40,10:40,Tom Walker,Serotonin,176,176,2.93,2.93
2025-09-06T09:00:00Z,10:47,10:47,Chappell Roan,The Subway,245,252,4.08,4.2
2025-09-06T09:00:00Z,10:51,10:51,Robert Palmer,Addicted to Love,231,234,3.85,3.9
2025-09-06T09:00:00Z,10:55,10:55,Myles Smith,Gold,160,164,2.67,2.73
2025-09-06T10:00:00Z,11:01,11:01,Sabrina Carpenter,Taste,153,157,2.55,2.62
2025-09-06T10:00:00Z,11:05,11:05,Olly Murs,Save Me,166,175,2.77,2.92
2025-09-06T10:00:00Z,11:07,11:07,Gwen Stefani Featuring Akon,The Sweet Escape,230,242,3.83,4.03
2025-09-06T10:00:00Z,11:12,11:12,Lola Young,One Thing,200,208,3.33,3.47
2025-09-06T10:00:00Z,11:15,11:15,Bobby McFerrin,"Don't Worry, Be Happy",217,234,3.62,3.9
2025-09-06T10:00:00Z,11:23,11:23,Rachel Platten,Fight Song,194,201,3.23,3.35
2025-09-06T10:00:00Z,11:26,11:26,Spin Doctors,Two Princes,239,253,3.98,4.22
2025-09-06T10:00:00Z,11:31,11:31,Lewis Capaldi,Survive,221,225,3.68,3.75
2025-09-06T10:00:00Z,11:35,11:35,Duran Duran,Rio,221,239,3.68,3.98
2025-09-06T10:00:00Z,11:43,11:43,Taylor Swift,Cruel Summer,170,178,2.83,2.97
2025-09-06T10:00:00Z,11:46,11:46,Good Neighbours,Starry Eyed,132,137,2.2,2.28
2025-09-06T10:00:00Z,11:48,11:48,Usher,You Make Me Wanna...,204,220,3.4,3.67
2025-09-06T10:00:00Z,11:52,11:52,Tate McRae,Just Keep Watching,138,143,2.3,2.38
2025-09-06T10:00:00Z,11:54,11:54,Kelly Clarkson,Heartbeat Song,190,199,3.17,3.32
2025-09-06T11:00:00Z,12:01,12:01,Jubel ft Neimy,Dancing in the Moonlight,157,164,2.62,2.73
2025-09-06T11:00:00Z,12:05,12:05,Ed Sheeran,Sapphire,174,179,2.9,2.98
2025-09-06T11:00:00Z,12:08,12:08,Run-DMC ft Aerosmith,Walk This Way,206,221,3.43,3.68
2025-09-06T11:00:00Z,12:11,12:11,Snow Patrol,Chasing Cars,244,246,4.07,4.1
2025-09-06T11:00:00Z,12:20,12:20,Natasha Bedingfield,Unwritten,201,208,3.35,3.47
2025-09-06T11:00:00Z,12:23,12:23,Justin Bieber,Daisies,174,176,2.9,2.93
2025-09-06T11:00:00Z,12:26,12:26,Shed Seven,Disco Down,227,231,3.78,3.85
2025-09-06T11:00:00Z,12:30,12:30,Westlife,World of Our Own,208,214,3.47,3.57
2025-09-06T11:00:00Z,12:33,12:33,Alex Warren,Eternity,187,190,3.12,3.17
2025-09-06T11:00:00Z,12:41,12:41,Queen,Somebody to Love,287,294,4.78,4.9
2025-09-06T11:00:00Z,12:45,12:45,Becky Hill & David Guetta,Remember,156,161,2.6,2.68
2025-09-06T11:00:00Z,12:49,12:49,Sugababes,Girls,187,190,3.12,3.17
2025-09-06T11:00:00Z,12:52,12:52,Mark Morrison,Return of the Mack,200,206,3.33,3.43
2025-09-06T11:00:00Z,12:56,12:56,Alison Moyet,Love Resurrection,222,232,3.7,3.87
2025-09-06T12:00:00Z,13:59,13:59,Various,The Allman Brothers Band - Jessica</body></html>,180,180,3.0,3.0
2025-09-06T13:00:00Z,14:59,14:59,2.50PM SMM,FERDINAND RENNIES DOUBLE PLAY</body></html>,180,180,3.0,3.0
2025-09-06T14:00:00Z,15:59,15:59,Various,Cliff Richard - We Don&apos;t Talk Anymore</body></html>,180,180,3.0,3.0
2025-09-06T15:00:00Z,16:59,16:59,Simon Park Orchestra,Eye Level (Theme From The Thames Tv Series &quot;Van Der Valk&quot;)</body></html>,180,180,3.0,3.0
2025-09-06T16:00:00Z,17:59,17:59,Jan Gow,The Jan Cave 70s Jukebox,180,180,3.0,3.0
2025-09-06T17:00:00Z,18:03,18:03,Tim Graham,The LGBTQ Music Chart,1134,1150,18.9,19.17
2025-09-06T17:00:00Z,18:23,18:23,Tim Graham,The LGBTQ Music Chart,954,959,15.9,15.98
2025-09-06T17:00:00Z,18:40,18:40,Tim Graham,The LGBTQ Music Chart,1079,1081,17.98,18.02
2025-09-06T17:00:00Z,18:59,18:59,Tim Graham,The LGBTQ Music Chart</body></html>,180,180,3.0,3.0
2025-09-06T18:00:00Z,19:01,19:01,Stephen Howie,Grooveline,3479,3480,57.98,58.0
2025-09-06T18:00:00Z,19:59,19:59,Stephen Howie,Grooveline,180,180,3.0,3.0
2025-09-06T19:00:00Z,20:00,20:00,Stephen Howie,Grooveline,3478,3480,57.97,58.0
2025-09-06T19:00:00Z,20:59,20:59,Stephen Howie,Grooveline,180,180,3.0,3.0
2025-09-06T20:00:00Z,21:59,21:59,Ayrshire Radio,On Air,180,180,3.0,3.0
2025-09-06T21:00:00Z,22:59,22:59,Ayrshire Radio,On Air,180,180,3.0,3.0
2025-09-06T22:00:00Z,23:59,23:59,Ayrshire Radio,On Air,180,180,3.0,3.0
2025-09-06T23:00:00Z,00:59,00:59,Bill Grainger,Fire Island Hi-NRG</body></html>,180,180,3.0,3.0
2025-09-07T00:00:00Z,01:02,01:02,Chappell Roan,The Subway,245,252,4.08,4.2
2025-09-07T00:00:00Z,01:07,01:07,Crystal Waters,Gypsy Woman (La Da Dee),210,222,3.5,3.7
2025-09-07T00:00:00Z,01:10,01:10,Calvin Harris,Feel So Close,200,206,3.33,3.43
2025-09-07T00:00:00Z,01:14,01:14,Olivia Rodrigo,Good 4 U,174,178,2.9,2.97
2025-09-07T00:00:00Z,01:17,01:17,Pink,Who Knew,200,209,3.33,3.48
2025-09-07T00:00:00Z,01:25,01:25,Addison Rae,Fame Is A Gun,179,183,2.98,3.05
2025-09-07T00:00:00Z,01:28,01:28,Teddy Swims,Bad Dreams,176,185,2.93,3.08
2025-09-07T00:00:00Z,01:31,01:31,UB40,Red Red Wine,166,182,2.77,3.03
2025-09-07T00:00:00Z,01:34,01:34,Alex Warren,Ordinary,179,187,2.98,3.12
2025-09-07T00:00:00Z,01:41,01:41,Maroon 5,Sugar,229,235,3.82,3.92
2025-09-07T00:00:00Z,01:45,01:45,CMAT,Take A Sexy Picture Of Me,225,230,3.75,3.83
2025-09-07T00:00:00Z,01:49,01:49,Snap!,The Power,214,228,3.57,3.8
2025-09-07T00:00:00Z,01:52,01:52,Lady Gaga & Bruno Mars,Die With A Smile,242,252,4.03,4.2
2025-09-07T01:00:00Z,02:01,02:01,George Ezra,Budapest,199,201,3.32,3.35
2025-09-07T01:00:00Z,02:05,02:05,Lewis Capaldi,Survive,214,225,3.57,3.75
2025-09-07T01:00:00Z,02:09,02:09,Zara Larsson,Can't Tame Her,188,200,3.13,3.33
2025-09-07T01:00:00Z,02:12,02:12,Supermen Lovers & OneRepublic,Starlight (The Fame),175,182,2.92,3.03
2025-09-07T01:00:00Z,02:15,02:15,Florence + the Machine,You've Got the Love,152,167,2.53,2.78
2025-09-07T01:00:00Z,02:21,02:21,Soul II Soul,Back To Life (However Do You Want Me),206,216,3.43,3.6
2025-09-07T01:00:00Z,02:24,02:24,sombr,Undressed,172,182,2.87,3.03
2025-09-07T01:00:00Z,02:27,02:27,Luther Vandross & Janet Jackson,The Best Things in Life Are Free,253,266,4.22,4.43
2025-09-07T01:00:00Z,02:32,02:32,Sabrina Carpenter,Manchild,195,214,3.25,3.57
2025-09-07T01:00:00Z,02:35,02:35,Donell Jones,U Know What's Up,225,240,3.75,4.0
2025-09-07T01:00:00Z,02:43,02:43,Olivia Dean,Nice To Each Other,201,209,3.35,3.48
2025-09-07T01:00:00Z,02:46,02:46,Train,Play That Song,194,205,3.23,3.42
2025-09-07T01:00:00Z,02:50,02:50,Djo,End Of Beginning,152,159,2.53,2.65
2025-09-07T01:00:00Z,02:52,02:52,Primal Scream,Loaded,244,264,4.07,4.4
2025-09-07T02:00:00Z,03:01,03:01,Benson Boone,Sorry I'm Here For Someone Else,152,157,2.53,2.62
2025-09-07T02:00:00Z,03:04,03:04,U2,One,266,274,4.43,4.57
2025-09-07T02:00:00Z,03:09,03:09,Felix Jaehn Feat. Jasmine Thompson,Ain't Nobody,180,186,3.0,3.1
2025-09-07T02:00:00Z,03:12,03:12,Harry Styles,Late Night Talking,174,178,2.9,2.97
2025-09-07T02:00:00Z,03:15,03:15,Green Day,American Idiot,172,177,2.87,2.95
2025-09-07T02:00:00Z,03:22,03:22,MK ft Chrystal,Dior,165,169,2.75,2.82
2025-09-07T02:00:00Z,03:25,03:25,Ed Sheeran,Shivers,204,207,3.4,3.45
2025-09-07T02:00:00Z,03:29,03:29,Starship,Nothing's Gonna Stop Us Now,229,244,3.82,4.07
2025-09-07T02:00:00Z,03:33,03:33,Myles Smith,Nice To Meet You,172,176,2.87,2.93
2025-09-07T02:00:00Z,03:40,03:40,Tom Grennan,Remind Me,207,211,3.45,3.52
2025-09-07T02:00:00Z,03:43,03:43,Ella Eyre,Space,160,162,2.67,2.7
2025-09-07T02:00:00Z,03:46,03:46,Robert Miles,Children,238,242,3.97,4.03
2025-09-07T02:00:00Z,03:50,03:50,Mark Ambor,Belong Together,144,148,2.4,2.47
2025-09-07T02:00:00Z,03:52,03:52,Blu Cantrell,Hit 'Em Up Style (Oops!),235,244,3.92,4.07
2025-09-07T03:00:00Z,04:01,04:01,Ariana Grande,No Tears Left to Cry,202,206,3.37,3.43
2025-09-07T03:00:00Z,04:05,04:05,Alex Warren,Eternity,182,190,3.03,3.17
2025-09-07T03:00:00Z,04:08,04:08,Jorja Smith,The Way I Love You,167,177,2.78,2.95
2025-09-07T03:00:00Z,04:11,04:11,Lola Young,D£aler,152,160,2.53,2.67
2025-09-07T03:00:00Z,04:14,04:14,Coldplay,Clocks,237,250,3.95,4.17
2025-09-07T03:00:00Z,04:22,04:22,Bangles,Manic Monday,172,184,2.87,3.07
2025-09-07T03:00:00Z,04:24,04:24,Gigi Perez,Sailor Song,200,212,3.33,3.53
2025-09-07T03:00:00Z,04:28,04:28,M People,Moving on Up,202,213,3.37,3.55
2025-09-07T03:00:00Z,04:31,04:31,Chappell Roan,Pink Pony Club,242,258,4.03,4.3
2025-09-07T03:00:00Z,04:35,04:35,Billie Piper,Day & Night,186,199,3.1,3.32
2025-09-07T03:00:00Z,04:42,04:42,Justin Bieber,Daisies,169,176,2.82,2.93
2025-09-07T03:00:00Z,04:45,04:45,Little Mix,Touch,201,213,3.35,3.55
2025-09-07T03:00:00Z,04:49,04:49,Miley Cyrus,Used To Be Young,180,191,3.0,3.18
2025-09-07T03:00:00Z,04:52,04:52,Red Hot Chili Peppers,Scar Tissue,205,218,3.42,3.63
2025-09-07T03:00:00Z,04:55,04:55,Adele,Set Fire to the Rain,229,241,3.82,4.02
2025-09-07T04:00:00Z,05:01,05:01,Olly Murs,Save Me,171,175,2.85,2.92
2025-09-07T04:00:00Z,05:05,05:05,4 Non Blondes,What's Up?,247,254,4.12,4.23
2025-09-07T04:00:00Z,05:09,05:09,Boyzone,Love Is A Hurricane,201,210,3.35,3.5
2025-09-07T04:00:00Z,05:13,05:13,Olivia Rodrigo,Bad Idea Right?,177,185,2.95,3.08
2025-09-07T04:00:00Z,05:16,05:16,Rihanna,Don't Stop The Music,261,269,4.35,4.48
2025-09-07T04:00:00Z,05:24,05:24,Sam Fender & Olivia Dean,Rein Me In,235,243,3.92,4.05
2025-09-07T04:00:00Z,05:28,05:28,Shaboozey,A Bar Song (Tipsy),168,171,2.8,2.85
2025-09-07T04:00:00Z,05:31,05:31,Diana Ross,Upside Down,239,245,3.98,4.08
2025-09-07T04:00:00Z,05:35,05:35,Calvin Harris & Clementine Douglas,Blessings,213,220,3.55,3.67
2025-09-07T04:00:00Z,05:43,05:43,Taylor Swift,22,226,228,3.77,3.8
2025-09-07T04:00:00Z,05:46,05:46,Benson Boone,Mystical Magical,161,166,2.68,2.77
2025-09-07T04:00:00Z,05:49,05:49,Deee-Lite,Groove Is in the Heart,224,226,3.73,3.77
2025-09-07T04:00:00Z,05:53,05:53,The Weeknd,Blinding Lights,196,202,3.27,3.37
2025-09-07T05:00:00Z,06:01,06:01,Sabrina Carpenter,Manchild,201,214,3.35,3.57
2025-09-07T05:00:00Z,06:05,06:05,Dua Lipa,Physical,189,194,3.15,3.23
2025-09-07T05:00:00Z,06:09,06:09,Cian Ducrot,I'll Be Waiting,170,173,2.83,2.88
2025-09-07T05:00:00Z,06:11,06:11,Seal,Kiss From A Rose,281,284,4.68,4.73
2025-09-07T05:00:00Z,06:16,06:16,Florence + The Machine,Everybody Scream,190,245,3.17,4.08
2025-09-07T05:00:00Z,06:23,06:23,Shawn Mendes,There's Nothing Holdin' Me Back,196,199,3.27,3.32
2025-09-07T05:00:00Z,06:27,06:27,Rosé & Bruno Mars,APT.,166,170,2.77,2.83
2025-09-07T05:00:00Z,06:29,06:29,Ed Sheeran,Sapphire,173,179,2.88,2.98
2025-09-07T05:00:00Z,06:33,06:33,Suede,Beautiful Ones,207,218,3.45,3.63
2025-09-07T05:00:00Z,06:36,06:36,Mary J Blige,Family Affair,194,206,3.23,3.43
2025-09-07T05:00:00Z,06:43,06:43,Gracie Abrams,That's So True,159,166,2.65,2.77
2025-09-07T05:00:00Z,06:46,06:46,Queen,A Kind of Magic,251,257,4.18,4.28
2025-09-07T05:00:00Z,06:50,06:50,Ella Henderson x Alex Warren,Carry You Home,162,168,2.7,2.8
2025-09-07T05:00:00Z,06:53,06:53,*NSYNC,Tearin' Up My Heart,203,205,3.38,3.42
2025-09-07T06:00:00Z,07:01,07:01,The Lottery Winners,Turn Around,168,171,2.8,2.85
2025-09-07T06:00:00Z,07:05,07:05,K-Pop Demon Hunters,Golden,184,195,3.07,3.25
2025-09-07T06:00:00Z,07:08,07:08,Sophie Ellis-Bextor,Get Over You,184,196,3.07,3.27
2025-09-07T06:00:00Z,07:11,07:11,Dasha,Not At This Party,203,212,3.38,3.53
2025-09-07T06:00:00Z,07:14,07:14,Pulp,Common People,232,247,3.87,4.12
2025-09-07T06:00:00Z,07:23,07:23,Bebe Rexha Feat Florida Georgia Line,Meant to Be,156,164,2.6,2.73
2025-09-07T06:00:00Z,07:25,07:25,Coldplay X BTS,My Universe,184,195,3.07,3.25
2025-09-07T06:00:00Z,07:29,07:29,Lewis Capaldi,Survive,214,225,3.57,3.75
2025-09-07T06:00:00Z,07:33,07:33,Elton John,I Guess That's Why They Call It the Blues,269,284,4.48,4.73
2025-09-07T06:00:00Z,07:41,07:41,Hozier,Too Sweet,239,251,3.98,4.18
2025-09-07T06:00:00Z,07:45,07:45,Avril Lavigne,Don't Tell Me,189,200,3.15,3.33
2025-09-07T06:00:00Z,07:49,07:49,Wet Leg,Catch These Fists,179,189,2.98,3.15
2025-09-07T06:00:00Z,07:52,07:52,Joan Jett & The Blackhearts,I Love Rock 'n' Roll,168,174,2.8,2.9
2025-09-07T06:00:00Z,07:55,07:55,Rag'N'Bone Man,Rush of Blood,194,202,3.23,3.37
2025-09-07T07:00:00Z,08:01,08:01,The Script,Breakeven,225,228,3.75,3.8
2025-09-07T07:00:00Z,08:06,08:06,Myles Smith,Nice To Meet You,171,176,2.85,2.93
2025-09-07T07:00:00Z,08:08,08:08,Girls Aloud,Call the Shots,214,222,3.57,3.7
2025-09-07T07:00:00Z,08:12,08:12,Prince,Raspberry Beret,198,209,3.3,3.48
2025-09-07T07:00:00Z,08:20,08:20,Perrie,If He Wanted To He Would,194,198,3.23,3.3
2025-09-07T07:00:00Z,08:23,08:23,Loreen,Tattoo,178,182,2.97,3.03
2025-09-07T07:00:00Z,08:26,08:26,The Stone Roses,Fools Gold,246,255,4.1,4.25
2025-09-07T07:00:00Z,08:32,08:32,Healthspan,The Dr Hilary Show,1631,1681,27.18,28.02
2025-09-07T08:00:00Z,09:01,09:01,Caledonia Media,The Week in Holyrood with Charles Fletcher,3399,3420,56.65,57.0
2025-09-07T09:00:00Z,10:01,10:01,Cutting Crew,(I Just) Died in Your Arms,256,279,4.27,4.65
2025-09-07T09:00:00Z,10:06,10:06,Barry White,"You're the First, the Last, My Everything",188,202,3.13,3.37
2025-09-07T09:00:00Z,10:09,10:09,CeCe Peniston,Finally,231,247,3.85,4.12
2025-09-07T09:00:00Z,10:13,10:13,Steppenwolf,Born to Be Wild,196,207,3.27,3.45
2025-09-07T09:00:00Z,10:20,10:20,Aztec Camera,Oblivious,180,193,3.0,3.22
2025-09-07T09:00:00Z,10:23,10:23,Ash,Shining Light,235,248,3.92,4.13
2025-09-07T09:00:00Z,10:27,10:27,Siouxsie & The Banshees,Dear Prudence,210,224,3.5,3.73
2025-09-07T09:00:00Z,10:32,10:32,Andrew Gold,Thank You For Being a Friend,231,239,3.85,3.98
2025-09-07T09:00:00Z,10:36,10:36,Status Quo,In The Army Now,200,212,3.33,3.53
2025-09-07T09:00:00Z,10:43,10:43,Kate Bush,Hounds Of Love,175,183,2.92,3.05
2025-09-07T09:00:00Z,10:46,10:46,Sheryl Crow,Hard To Make A Stand,178,186,2.97,3.1
2025-09-07T09:00:00Z,10:49,10:49,Martha and the Vandellas,Jimmy Mack,160,170,2.67,2.83
2025-09-07T09:00:00Z,10:52,10:52,Billy Idol,Hot in the City,201,215,3.35,3.58
2025-09-07T09:00:00Z,10:55,10:55,Rubettes,Sugar Baby Love,197,209,3.28,3.48
2025-09-07T10:00:00Z,11:01,11:01,Tavares,Heaven Must Be Missing an Angel,205,211,3.42,3.52
2025-09-07T10:00:00Z,11:05,11:05,Bryan Adams,Summer of '69,198,216,3.3,3.6
2025-09-07T10:00:00Z,11:08,11:08,Garbage,Only Happy When It Rains,219,226,3.65,3.77
2025-09-07T10:00:00Z,11:12,11:12,Elvis Presley,Jailhouse Rock,136,146,2.27,2.43
2025-09-07T10:00:00Z,11:18,11:18,Duran Duran,Girls On Film,201,207,3.35,3.45
2025-09-07T10:00:00Z,11:22,11:22,Alanis Morissette,Hand in My Pocket,213,216,3.55,3.6
2025-09-07T10:00:00Z,11:25,11:25,Neil Diamond,Forever in Blue Jeans,198,208,3.3,3.47
2025-09-07T10:00:00Z,11:30,11:30,Violent Femmes,Blister In The Sun,142,145,2.37,2.42
2025-09-07T10:00:00Z,11:33,11:33,KC & The Sunshine Band,That's The Way (I Like It),169,183,2.82,3.05
2025-09-07T10:00:00Z,11:35,11:35,The Beatles,Penny Lane,165,179,2.75,2.98
2025-09-07T10:00:00Z,11:43,11:43,Gun,Word Up,236,258,3.93,4.3
2025-09-07T10:00:00Z,11:47,11:47,Yazoo,Don't Go,162,177,2.7,2.95
2025-09-07T10:00:00Z,11:50,11:50,Daniel Boone,Beautiful Sunday,163,178,2.72,2.97
2025-09-07T10:00:00Z,11:53,11:53,Soft Cell,Bedsitter,207,218,3.45,3.63
2025-09-07T11:00:00Z,12:01,12:01,Ella Henderson,Me and You,159,168,2.65,2.8
2025-09-07T11:00:00Z,12:05,12:05,Geri Halliwell,It's Raining Men,234,249,3.9,4.15
2025-09-07T11:00:00Z,12:09,12:09,Sabrina Carpenter,Busy Woman,176,187,2.93,3.12
2025-09-07T11:00:00Z,12:12,12:12,Rema ft Selena Gomez,Calm Down,227,239,3.78,3.98
2025-09-07T11:00:00Z,12:20,12:20,Girls Aloud,Wake Me Up,177,187,2.95,3.12
2025-09-07T11:00:00Z,12:23,12:23,Olly Murs,Save Me,166,175,2.77,2.92
2025-09-07T11:00:00Z,12:26,12:26,Max Dean x Luke Dean x Locky,Can't Decide,165,175,2.75,2.92
2025-09-07T11:00:00Z,12:29,12:29,Jess Glynne,All I Am,202,210,3.37,3.5
2025-09-07T11:00:00Z,12:36,12:36,Mimi Webb,Red Flags,135,142,2.25,2.37
2025-09-07T11:00:00Z,12:38,12:38,Robert Palmer,"Bad Case of Loving You (Doctor, Doctor)",183,190,3.05,3.17
2025-09-07T11:00:00Z,12:42,12:42,Dermot Kennedy,Kiss Me,212,229,3.53,3.82
2025-09-07T11:00:00Z,12:45,12:45,Beyonce,Best Thing I Never Had,238,254,3.97,4.23
2025-09-07T11:00:00Z,12:50,12:50,OneRepublic,Good Life,233,253,3.88,4.22
2025-09-07T11:00:00Z,12:54,12:54,Jay Sean,Down,191,196,3.18,3.27
2025-09-07T12:00:00Z,13:02,13:02,Chappell Roan,"Good Luck, Babe!",204,218,3.4,3.63
2025-09-07T12:00:00Z,13:06,13:06,Ed Sheeran,Sapphire,169,179,2.82,2.98
2025-09-07T12:00:00Z,13:09,13:09,Joshua Kadison,Jessie,245,262,4.08,4.37
2025-09-07T12:00:00Z,13:13,13:13,Noah Kahan,Stick Season,170,182,2.83,3.03
2025-09-07T12:00:00Z,13:17,13:17,Sam Fender,Little Bit Closer,228,235,3.8,3.92
2025-09-07T12:00:00Z,13:21,13:21,Ariana Grande ft Zedd,Break Free,206,215,3.43,3.58
2025-09-07T12:00:00Z,13:25,13:25,Myles Smith,Gold,155,164,2.58,2.73
2025-09-07T12:00:00Z,13:28,13:28,Elle King,Ex's & Oh's,192,202,3.2,3.37
2025-09-07T12:00:00Z,13:31,13:31,Cerrone/Christine & The Queens,Catching Feelings,192,203,3.2,3.38
2025-09-07T12:00:00Z,13:37,13:37,The Real Thing,You to Me Are Everything,183,201,3.05,3.35
2025-09-07T12:00:00Z,13:41,13:41,Lewis Capaldi,Survive,214,225,3.57,3.75
2025-09-07T12:00:00Z,13:44,13:44,Calvin Harris & Rag'N'Bone Man,Lovers In A Past Life,151,161,2.52,2.68
2025-09-07T12:00:00Z,13:47,13:47,Lola Young,One Thing,200,208,3.33,3.47
2025-09-07T12:00:00Z,13:51,13:51,The Bee Gees,You Win Again,216,235,3.6,3.92
2025-09-07T12:00:00Z,13:55,13:55,Becky Hill ft Topic,My Heart Goes (La Di Da),147,149,2.45,2.48
2025-09-07T13:00:00Z,14:00,14:00,Spencer James,Airplay 40,3548,3549,59.13,59.15
2025-09-07T13:00:00Z,14:59,14:59,sombr,12 to 12</body></html>,180,180,3.0,3.0
2025-09-07T14:00:00Z,15:00,15:00,Spencer James,Airplay 40,3480,3480,58.0,58.0
2025-09-07T14:00:00Z,15:59,15:59,R.E.M.,Everybody Hurts</body></html>,180,180,3.0,3.0
2025-09-07T15:00:00Z,16:59,16:59,Ed Sheeran,Sapphire</body></html>,180,180,3.0,3.0
2025-09-07T16:00:00Z,17:59,17:59,Commodores,Three Times a Lady,180,180,3.0,3.0
2025-09-07T18:00:00Z,19:32,19:32,Kevin McCallum,The Mr Rocks Show,180,180,3.0,3.0
